city,state,latitude,longitude
Nanjangud,Karnataka,12.12,76.68
Chittorgarh,Rajasthan,24.879999,74.629997
Ratnagiri,Maharashtra,16.994444,73.300003
Goregaon,Maharashtra,19.155001,72.849998
Pindwara,Rajasthan,24.7945,73.055
Raipur,Chhattisgarh,21.25,81.629997
Gokak,Karnataka,16.1667,74.833298
Lucknow,Uttar Pradesh,26.85,80.949997
Delhi,Delhi,28.679079,77.06971
Mumbai,Maharashtra,19.07609,72.877426
Sagar,Karnataka,14.16704,75.040298
Jalpaiguri,West Bengal,26.540457,88.719391
Pakur,Jharkhand,24.633568,87.849251
Sardarshahar,Rajasthan,28.440554,74.493011
Sirohi,Rajasthan,24.882618,72.858894
Jaysingpur,Maharashtra,16.779877,74.556374
Ramanagara,Karnataka,12.715035,77.281296
Chikkaballapura,Karnataka,13.432515,77.727478
Channapatna,Karnataka,12.651805,77.208946
Surendranagar,Gujarat,22.728392,71.637077
Thiruvalla,Kerala,9.383452,76.574059
Ranebennur,Karnataka,14.623801,75.621788
Karaikal,Puducherry,10.92544,79.838005
Belgaum,Karnataka,15.852792,74.498703
Chatrapur,Odisha,19.354979,84.986732
Suri,West Bengal,23.905445,87.52462
Bhubaneswar,Odisha,20.296059,85.824539
Mahuva,Gujarat,21.105001,71.771645
Jagadhri,Haryana,30.172716,77.299492
Barh,Bihar,25.477585,85.709091
Bhusawal,Maharashtra,21.045521,75.801094
Alipurduar,West Bengal,26.49189,89.5271
Kollam,Kerala,8.893212,76.614143
Medinipur,West Bengal,22.430889,87.321487
Patan,Gujarat,23.849325,72.126625
Mettur,Tamil Nadu,11.786253,77.800781
Huliyar,Karnataka,13.583274,76.540154
Harihar,Karnataka,14.530457,75.801094
Rasayani,Maharashtra,18.901457,73.176132
Haringhata,West Bengal,22.96051,88.567406
Kushtagi,Karnataka,15.756595,76.192696
Jadugora,Jharkhand,22.656015,86.352882
Orai,Uttar Pradesh,25.989836,79.450035
Surajpur,Chhattisgarh,23.223047,82.87056
Ambernath,Maharashtra,19.186354,73.191948
Malerkotla,Punjab,30.525005,75.890121
Jorapokhar,Jharkhand,22.422455,85.760651
Vizianagaram,Andhra Pradesh,18.106659,83.395554
Durg,Chhattisgarh,21.190449,81.28492
Himmatnagar,Gujarat,23.597969,72.969818
Sambhal,Uttar Pradesh,28.590361,78.571762
Harnaut,Bihar,25.369179,85.53006
Port Blair,Andaman and Nicobar Islands,11.623377,92.726486
Suti,West Bengal,24.618393,88.024338
Banswara,Rajasthan,23.546757,74.43383
Manikchak,West Bengal,25.077787,87.900375
Roorkee,Uttarakhand,29.854263,77.888
Kavali,Andhra Pradesh,14.913181,79.992981
Dharmavaram,Andhra Pradesh,14.413745,77.712616
Siddipet,Telangana,18.101904,78.852074
Dhanpuri,Madhya Pradesh,23.173939,81.565125
Chirala,Andhra Pradesh,15.812074,80.355377
Markapur,Andhra Pradesh,15.764501,79.259491
Chalakudy,Kerala,10.311879,76.331978
Gondal,Gujarat,21.961946,70.792297
Bhimavaram,Andhra Pradesh,16.544893,81.52124
Jalgaon Jamod,Maharashtra,21.04954,76.532028
Paltan Bazaar,Assam,26.182245,91.754723
Hodal,Haryana,27.897551,77.384117
Ausa,Maharashtra,18.245655,76.505356
Mahidpur,Madhya Pradesh,23.486839,75.659157
Gurdaspur,Punjab,32.041943,75.405334
Domchanch,Jharkhand,24.47438,85.688744
Barjora,West Bengal,23.427221,87.287018
Saint Dnyaneshwar Garden and Paithan park,Maharashtra,19.487707,75.380768
Sinnar,Maharashtra,19.85306,74.000633
Guntakal,Andhra Pradesh,15.167409,77.373627
Lalgola,West Bengal,24.417534,88.250343
Hoshangabad,Madhya Pradesh,22.744108,77.736969
Proddatur,Andhra Pradesh,14.752805,78.552757
Pali,Rajasthan,25.771315,73.323685
Palwal,Haryana,28.148735,77.332024
Gohana,Haryana,29.138407,76.693245
Munger,Bihar,25.37571,86.474373
Yavatmal,Maharashtra,20.388794,78.120407
Bokaro Steel City,Jharkhand,23.669296,86.151115
Jetpur,Gujarat,21.761524,70.627625
Basirhat,West Bengal,22.657402,88.86718
Konnagar,West Bengal,22.700474,88.319069
Ranchi,Jharkhand,23.344315,85.296013
Gudur,Andhra Pradesh,14.146319,79.850388
Gola Gokarannath,Uttar Pradesh,28.078636,80.471588
Shikohabad,Uttar Pradesh,27.108416,78.584602
Tirumangalam,Tamil Nadu,9.823619,77.986565
Anakaputhur,Tamil Nadu,12.946366,79.959244
Suryapet,Telangana,17.143908,79.623924
Udupi,Karnataka,13.340881,74.742142
Nandyal,Andhra Pradesh,15.478569,78.483093
Begusarai,Bihar,25.416676,86.129379
Contai,West Bengal,21.779188,87.744629
Naya Raipur,Chhattisgarh,21.164993,81.775307
Payradanga,West Bengal,23.125587,88.546867
Maheshtala,West Bengal,22.511976,88.250992
Vaniyambadi,Tamil Nadu,12.695032,78.621887
Shahdol,Madhya Pradesh,23.302189,81.356804
Aruppukkottai,Tamil Nadu,9.515625,78.100014
Salipur,Odisha,20.484348,86.119194
Sasaram,Bihar,24.953514,84.011787
Mahuva,Gujarat,21.092159,71.770462
Bihta,Bihar,25.563322,84.869804
Dahod,Gujarat,22.835602,74.255989
Najibabad,Uttar Pradesh,29.607981,78.342674
Bagaha,Bihar,27.122196,84.072235
Jamalpur,Bihar,25.312717,86.490608
Fatehpur,Uttar Pradesh,25.920074,80.809998
Dindigul,Tamil Nadu,10.365581,77.970657
Chakradharpur,Jharkhand,22.668312,85.625511
Porbandar,Gujarat,21.640575,69.605965
Ghatal,West Bengal,22.663696,87.746803
Khidirpur,West Bengal,22.542061,88.318954
Mandya,Karnataka,12.523731,76.894684
Dahanu,Maharashtra,19.990751,72.743675
Sri Muktsar Sahib,Punjab,30.480042,74.518204
Kanchipuram,Tamil Nadu,12.834174,79.703644
Dhanpur,Gujarat,22.633492,74.095993
Bengaluru,Karnataka,12.971599,77.594566
Muzaffarnagar,Uttar Pradesh,29.471397,77.696732
Chhatarpur,Madhya Pradesh,24.916355,79.581184
Bongaigaon,Assam,26.500999,90.535233
RAK Tiles,Himachal Pradesh,31.604889,76.919533
Nilanga,Maharashtra,18.125875,76.750969
Amreli,Gujarat,21.603176,71.222084
Bulandshahar,Uttar Pradesh,28.411331,77.848434
Kharagpur,West Bengal,22.34601,87.231972
Arrah,Bihar,25.556044,84.660332
Fatehpur,Rajasthan,27.99502,74.961792
Seoni,Madhya Pradesh,22.086868,79.543488
Siliguri,West Bengal,26.732311,88.410286
Mangaluru,Karnataka,12.915605,74.855965
Kandi,West Bengal,23.9468,88.049713
Khammam,Telangana,17.247253,80.151443
Morshi,Maharashtra,21.324196,78.013832
Vijaypur,Jammu and Kashmir,32.564522,75.023148
Santha,Uttar Pradesh,26.994154,83.034798
Chalisgaon,Maharashtra,20.464079,74.996857
Etawah,Uttar Pradesh,26.811712,79.004692
Simlapal,West Bengal,22.916706,87.070351
Lakhimpur,Uttar Pradesh,27.94908,80.782402
Masaurhi,Bihar,25.35128,85.031143
Bhatta,Gujarat,23.00795,72.553757
Sultanpur,Uttar Pradesh,26.264776,82.072708
Kotulpur,West Bengal,23.012794,87.593948
Pithampur,Madhya Pradesh,22.610683,75.680862
Bela Pratapgarh,Uttar Pradesh,25.912968,81.991653
Ghazipur,Uttar Pradesh,25.584042,83.577019
Buxar,Bihar,25.564711,83.977745
Baran,Rajasthan,25.101145,76.513161
Saideep Enterprises,Maharashtra,19.969227,73.743195
Hazaribagh,Jharkhand,23.99662,85.36911
Rudrapur,Uttarakhand,28.978298,79.399612
Success Point,Maharashtra,20.112093,79.118698
Balaghat,Madhya Pradesh,21.812876,80.18383
Thodupuzha,Kerala,9.897157,76.713409
Kothagudem,Telangana,17.554356,80.619736
Debra,West Bengal,22.369043,87.55442
Khambhat,Gujarat,22.318083,72.618988
Kalaburagi,Karnataka,17.320486,76.839752
Palampur,Himachal Pradesh,32.110542,76.536224
Bargarh,Odisha,21.342585,83.624199
Jaunpur,Uttar Pradesh,25.748695,82.698441
Bahraich,Uttar Pradesh,27.570839,81.598022
Shegaon,Maharashtra,20.792713,76.694328
Ballari,Karnataka,15.139393,76.92144
Hapur,Uttar Pradesh,28.730579,77.775879
Kashipur,Uttarakhand,29.210421,78.96183
Sikandra,Uttar Pradesh,26.367811,79.629158
Palakkad,Kerala,10.784703,76.653145
Almora,Uttarakhand,29.594189,79.653893
Dhar,Madhya Pradesh,22.601292,75.302467
Ameerpet,Telangana,17.437462,78.448288
Georai,Maharashtra,19.263334,75.752426
Kodad,Telangana,16.99708,79.967361
Kalaigaon,Assam,26.57448,91.975243
Newasa,Maharashtra,19.551146,74.928162
Jalgaon,Maharashtra,21.004194,75.563942
Mahasamund,Chhattisgarh,21.109133,82.0979
Giridih,Jharkhand,24.184713,86.302193
Purnea,Bihar,25.771103,87.482185
Kotputli,Rajasthan,27.703669,76.201195
Jhalawar,Rajasthan,24.597349,76.16098
Sitarganj,Uttarakhand,28.923548,79.700722
Barauda,Chhattisgarh,21.191774,81.718285
Sangareddy,Telangana,17.611629,78.08181
Azamgarh,Uttar Pradesh,26.072067,83.185654
Suratgarh,Rajasthan,29.320511,73.899399
Gingee,Tamil Nadu,12.252576,79.416924
Samastipur,Bihar,25.862968,85.781029
Ballia,Uttar Pradesh,25.758503,84.148911
Jahanabad,Bihar,25.213928,84.989555
Kekri,Rajasthan,25.973787,75.151535
Dholpur,Rajasthan,26.702518,77.893394
Hosur,Tamil Nadu,12.735126,77.829338
Bisalpur,Uttar Pradesh,28.293783,79.804459
Jhansi,Uttar Pradesh,25.436298,78.567352
Korba,Chhattisgarh,22.363848,82.73484
Tadepalligudem,Andhra Pradesh,16.814524,81.526558
Rajnandgaon,Chhattisgarh,21.097855,81.033707
Gumla,Jharkhand,23.041924,84.540833
Kuchaman City,Rajasthan,27.147869,74.859489
Sankari,Tamil Nadu,11.477696,77.873886
Forbesganj,Bihar,26.298552,87.265388
Thandalam,Tamil Nadu,12.999464,80.117729
Sahibzada Ajit Singh Nagar,Punjab,30.704649,76.717873
Etah,Uttar Pradesh,27.55875,78.662567
Nabadwip,West Bengal,23.406979,88.365593
Sri Ganganagar,Rajasthan,29.903839,73.87719
Hanamkonda,Telangana,18.007202,79.558296
Ramagundam,Telangana,18.76182,79.480904
Mau,Uttar Pradesh,25.949638,83.558647
Gangakhed,Maharashtra,18.966354,76.748077
Rahon,Punjab,31.052128,76.1175
Mansa,Gujarat,23.426788,72.657074
Narwana,Haryana,29.592957,76.119247
Pulivendula,Andhra Pradesh,14.422232,78.226341
Brahmapur,Odisha,19.314962,84.79409
Kadayanallur,Tamil Nadu,9.077854,77.345184
Bathinda,Punjab,30.210995,74.945473
Botad,Gujarat,22.170424,71.668427
Darjeeling,West Bengal,27.036007,88.262672
Chiplun,Maharashtra,17.53231,73.517792
Haldwani,Uttarakhand,29.219677,79.512459
Cuddalore,Tamil Nadu,11.744699,79.768021
Bharuch,Gujarat,21.705723,72.998199
Bhadohi,Uttar Pradesh,25.38727,82.568031
Vaijapur,Maharashtra,19.925682,74.728477
Vadakara,Kerala,11.608495,75.591705
Sitamarhi,Bihar,26.587299,85.501183
Rajgir,Bihar,25.017258,85.416161
Shimoga,Karnataka,13.92993,75.5681
Unnao,Uttar Pradesh,26.536938,80.48996
Rangia,Assam,26.437252,91.62011
Chandrapur,Maharashtra,19.970324,79.30336
Silchar,Assam,24.833271,92.778908
Hailakandi,Assam,24.68469,92.564339
Aizawl,Mizoram,23.727106,92.717636
South Dum Dum,West Bengal,22.607672,88.394493
Kavathe Mahankal,Maharashtra,17.006298,74.865372
Davanagere,Karnataka,14.464103,75.921661
Mhow,Madhya Pradesh,22.552437,75.756531
Moga,Punjab,30.81646,75.171707
Bhatpara,West Bengal,22.859726,88.404839
Batala,Punjab,31.823462,75.205063
Farrukhabad,Uttar Pradesh,27.387049,79.588127
Nohar,Rajasthan,29.185776,74.771782
Jharia,Jharkhand,23.742628,86.41114
Hoshiarpur,Punjab,31.527355,75.913673
Balurghat,West Bengal,25.237284,88.783058
Madhubani,Bihar,26.347883,86.071861
Khurai,Madhya Pradesh,24.043468,78.330353
Upleta,Gujarat,21.741323,70.28112
Saharanpur,Uttar Pradesh,29.959694,77.549057
Ghaziabad,Uttar Pradesh,28.667856,77.449791
Sambalpur,Odisha,21.468185,83.975403
Saharsa,Bihar,25.883495,86.600624
Gohpur,Assam,26.880077,93.60833
Jamalpur,West Bengal,23.061089,87.992584
Narsapur,Andhra Pradesh,16.432983,81.696617
Malappuram,Kerala,11.072035,76.074005
Gauribidanur,Karnataka,13.611159,77.51696
Chikkaballapura,Karnataka,13.435455,77.731476
Dibrugarh,Assam,27.472834,94.911964
Gangtok,Sikkim,27.338936,88.606506
Balotra,Rajasthan,25.83087,72.24012
Narsampet,Telangana,17.928122,79.894531
Kozhikode,Kerala,11.258753,75.780411
Hindaun City,Rajasthan,26.731142,77.033752
Kumbakonam,Tamil Nadu,10.959815,79.380898
Satna,Madhya Pradesh,24.579716,80.832176
Chhindwara,Madhya Pradesh,22.057163,78.938202
Ongole,Andhra Pradesh,15.505723,80.049919
Padrauna,Uttar Pradesh,26.898392,83.979713
Akola,Maharashtra,20.707228,77.00296
Kalwan,Maharashtra,20.492281,74.026009
Sircilla,Telangana,18.38662,78.802246
Rohtak,Haryana,28.895515,76.606613
Anandapur,Odisha,21.2155,86.1222
DCKAP Technologies,Tamil Nadu,13.090994,80.224998
Garhshankar,Punjab,31.213682,76.144012
Jagtial,Telangana,18.794905,78.912872
Dausa,Rajasthan,26.894478,76.334824
Muradnagar,Uttar Pradesh,28.771646,77.507561
Srivilliputhur,Tamil Nadu,9.512137,77.634087
Paramakudi,Tamil Nadu,9.548395,78.591637
Barabanki,Uttar Pradesh,26.937834,81.188324
Secunderabad,Telangana,17.440325,78.498894
Mirzapur,Uttar Pradesh,25.133699,82.56443
Virudhachalam,Tamil Nadu,11.519588,79.325157
Jhunjhunu,Rajasthan,28.128876,75.399506
Karera,Madhya Pradesh,25.454794,78.133957
Kottayam,Kerala,9.591441,76.522171
Shivpuri,Madhya Pradesh,25.42412,77.65799
Amalner,Maharashtra,21.04241,75.063873
Durgapur,West Bengal,23.53344,87.32193
Gola Gokrannath Kheri,Uttar Pradesh,28.080379,80.466644
Dharwad,Karnataka,15.460252,75.010284
Vapi,Gujarat,20.385181,72.911453
Firozabad,Uttar Pradesh,27.159101,78.39576
Vasco da Gama,Goa,15.386033,73.84404
Asansol,West Bengal,23.673944,86.952393
Tenkasi,Tamil Nadu,8.959021,77.312935
Srikakulam,Andhra Pradesh,18.296974,83.896782
Hassan,Karnataka,13.009711,76.102898
Churu,Rajasthan,28.29229,74.966583
Bulandshahr,Uttar Pradesh,28.406963,77.849831
Hinganghat,Maharashtra,20.550573,78.841141
Lakhisarai,Bihar,25.168901,86.092987
Mahoba,Uttar Pradesh,25.292509,79.872665
Sirsa,Haryana,29.536535,75.025505
Ranaghat,West Bengal,23.174049,88.563934
Udgir,Maharashtra,18.3934,77.113144
Ratlam,Madhya Pradesh,23.334169,75.037636
Nimbahera,Rajasthan,24.620001,74.68
Robertsganj,Uttar Pradesh,24.685001,83.068352
Khandwa,Madhya Pradesh,21.825733,76.35257
Rajendra Nagar,Odisha,20.450474,85.905533
Mehsana,Gujarat,23.586761,72.369949
Fatehabad,Haryana,29.511778,75.455215
Raiganj,West Bengal,25.61853,88.125587
Junnar,Maharashtra,19.206861,73.875801
Unchahar,Uttar Pradesh,25.9,81.300003
Banka,Bihar,24.885483,86.920731
Jamner,Maharashtra,20.809378,75.778923
Khamgaon,Maharashtra,20.711622,76.566132
Mehkar,Maharashtra,20.149822,76.574036
Rewa,Madhya Pradesh,24.530727,81.29911
Karnal,Haryana,29.685629,76.990547
Ichalkaranji,Maharashtra,16.709002,74.456078
Bihar Sharif,Bihar,25.19935,85.517609
Cooch Behar,West Bengal,26.323921,89.451088
Imphal,Manipur,24.813967,93.950279
Viramgam,Gujarat,23.125837,72.057442
Anantnag,Jammu and Kashmir,33.729729,75.14978
Panaji,Goa,15.496777,73.827827
Anand,Gujarat,22.554029,72.948936
Manmad,Maharashtra,20.251549,74.438354
Daryapur,Maharashtra,20.92207,77.326698
Arvi,Maharashtra,20.634085,79.140388
Paratwada,Maharashtra,21.27306,77.523422
Bardoli,Gujarat,21.124857,73.11261
Bodhgaya,Bihar,24.696135,84.986954
Chabua,Assam,27.48,95.18
Jamkhandi,Karnataka,16.504227,75.290932
Burdwan,West Bengal,23.232513,87.863419
Tumakuru,Karnataka,13.338263,77.10141
Nayagarh,Odisha,20.127028,85.105057
Sivasagar,Assam,26.98,94.629997
Wani,Maharashtra,20.067541,78.958054
Karwar,Karnataka,14.801439,74.124069
Kapurthala,Punjab,31.379999,75.379997
Ganderbal,Jammu and Kashmir,34.216496,74.771942
Guna,Madhya Pradesh,24.65,77.32
Khanna,Punjab,30.702877,76.220222
Mahbubnagar,Telangana,16.737509,78.008125
Nalgonda,Telangana,17.05662,79.268333
Theni,Tamil Nadu,10.010366,77.476814
Eluru,Andhra Pradesh,16.703285,81.100388
Pusad,Maharashtra,19.912676,77.56691
Shamshabad,Telangana,17.25116,78.437737
Aurangabad,Maharashtra,19.901054,75.352478
Bankura,West Bengal,23.233774,87.08725
Renukoot,Uttar Pradesh,24.220198,83.035957
Anakapalle,Andhra Pradesh,17.686001,83.008781
Sikandrabad,Uttar Pradesh,28.452393,77.697205
Saidabad,Delhi,28.526592,77.290169
Yelahanka,Karnataka,13.094454,77.586014
Pithoragarh,Uttarakhand,29.582861,80.218185
Vidisha,Madhya Pradesh,23.530001,77.82
Warora,Maharashtra,20.23,79
Jhagadia,Gujarat,21.719477,73.151009
Morbi,Gujarat,22.811989,70.823616
Bhopal,Madhya Pradesh,23.259933,77.412613
Agartala,Tripura,23.829321,91.277847
Bhandara,Maharashtra,21.17,79.650002
Baramati,Maharashtra,18.150663,74.576782
Makrana,Rajasthan,27.029617,74.716324
Panipat,Haryana,29.398928,76.977081
Sehore,Madhya Pradesh,23.198437,77.095184
Madanapalle,Andhra Pradesh,13.55,78.5
Madhopur,Punjab,32.365288,75.59729
Silchar,Assam,24.833946,92.779282
Bhuj,Gujarat,23.242001,69.666931
Shahjahanpur,Uttar Pradesh,27.883743,79.912247
Raebareli,Uttar Pradesh,26.230299,81.240891
Dhanbad,Jharkhand,23.795399,86.42704
Hasanpur,Uttar Pradesh,28.719999,78.279999
Jabalpur,Madhya Pradesh,23.185884,79.97438
Shahada,Maharashtra,21.546185,74.470009
Mysuru,Karnataka,12.29581,76.639381
Tiruvannamalai,Tamil Nadu,12.228628,79.066544
Panskura,West Bengal,22.395582,87.741882
Bijnor,Uttar Pradesh,29.372442,78.135849
Rajpura,Punjab,30.483997,76.593948
Pipariya,Madhya Pradesh,22.762886,78.352478
Auraiya,Uttar Pradesh,26.469999,79.519997
Bahadurgarh,Haryana,28.68,76.919998
Avinashi,Tamil Nadu,11.191447,77.268883
Thanesar,Haryana,29.962072,76.817825
Malout,Punjab,30.191515,74.497864
Pilkhuwa,Uttar Pradesh,28.711969,77.654457
Jind,Haryana,29.316668,76.316666
Santipur,West Bengal,23.255541,88.437363
Sathankulam,Tamil Nadu,8.444186,77.912804
Amravati,Maharashtra,20.937424,77.779549
Hathras,Uttar Pradesh,27.6,78.050003
Arcot,Tamil Nadu,12.904441,79.31916
Khurja,Uttar Pradesh,28.252222,77.851784
Bhuvanagiri,Telangana,17.518345,78.885956
Kavesar,Maharashtra,19.262466,72.974106
Rajgangpur,Odisha,22.205206,84.584251
Fazilka,Punjab,30.403648,74.027962
Buldana,Maharashtra,20.536846,76.18087
Amroha,Uttar Pradesh,28.902397,78.465042
Nedumangad,Kerala,8.603333,77.002777
Sawaimadhopur,Rajasthan,25.983334,76.366669
Akot,Maharashtra,21.1,77.059998
Thane West,Maharashtra,19.226662,72.983833
Balasore,Odisha,21.494978,86.942657
Doddaballapura,Karnataka,13.298757,77.540817
Mettupalayam,Tamil Nadu,11.289087,76.940971
Mallaguri,West Bengal,26.743464,88.416252
Sitapur,Uttar Pradesh,27.57509,80.663765
Jaora,Madhya Pradesh,23.644524,75.131035
Dhuri,Punjab,30.370001,75.870003
Sitalkuchi,West Bengal,26.169069,89.180122
Dombivli,Maharashtra,19.2094,73.093948
Pathankot,Punjab,32.265942,75.646873
Thiruvananthapuram,Kerala,8.524139,76.936638
Beawar,Rajasthan,26.100735,74.319077
Ajmer,Rajasthan,26.449896,74.639915
Jagraon,Punjab,30.780001,75.480003
Budaun,Uttar Pradesh,28.033709,79.120544
Pandharpur,Maharashtra,17.674553,75.323723
Damoh,Madhya Pradesh,23.839054,79.441025
Chintamani,Karnataka,13.401969,78.055138
Baramulla,Jammu and Kashmir,34.202148,74.348259
Murshidabad,West Bengal,24.175903,88.280182
Bheemili,Andhra Pradesh,17.887518,83.445679
Patiala,Punjab,30.34,76.379997
Kochi,Kerala,9.939093,76.270523
Muzaffarpur,Bihar,26.121473,85.368752
Hoskote,Karnataka,13.07,77.800003
Kalol,Gujarat,22.606001,73.462997
Kakinada,Andhra Pradesh,16.989065,82.247467
Panchkula,Haryana,30.695202,76.854172
Greater Noida,Uttar Pradesh,28.474388,77.50399
Orai,Uttar Pradesh,25.98,79.470001
Barwani,Madhya Pradesh,22.030001,74.900002
Hubballi,Karnataka,15.364708,75.123955
Udamanda,Uttarakhand,30.321989,79.195412
Deoghar,Jharkhand,24.482775,86.695175
North Paravoor,Kerala,10.140487,76.23053
Hazira,Gujarat,21.116226,72.651802
Bargadi Magath,Uttar Pradesh,26.983795,80.92907
Tarabai Park,Maharashtra,16.713512,74.248749
Kanchrapara,West Bengal,22.94923,88.420921
Puttur,Karnataka,12.768676,75.207062
Ambala City,Haryana,30.37818,76.776695
Faridkot,Punjab,30.678186,74.739555
Osmanabad,Maharashtra,18.186066,76.041939
Raichur,Karnataka,16.200829,77.362289
Chitradurga,Karnataka,14.23,76.400002
Mysore division,Karnataka,12.311827,76.652985
Lalitpur,Uttar Pradesh,24.68786,78.412018
Agar Malwa,Madhya Pradesh,23.710348,76.010178
Shamli,Uttar Pradesh,29.448055,77.31028
Mansoorabad,Telangana,17.351372,78.565407
Tirupati,Andhra Pradesh,13.629065,79.424446
Sojat,Rajasthan,25.923853,73.665131
Aurangabad,Bihar,24.75,84.370003
Gondia,Maharashtra,21.459801,80.195
Bhadravati,Karnataka,13.84,75.702003
Balrampur,Uttar Pradesh,27.429707,82.176804
Manikchak,West Bengal,25.077787,87.900375
Kawardha,Chhattisgarh,22.008951,81.224342
Nellore,Andhra Pradesh,14.442599,79.986458
Karimnagar,Telangana,18.438555,79.128838
Lonavala,Maharashtra,18.74806,73.407219
Sujangarh,Rajasthan,27.696903,74.452972
Kothrud,Maharashtra,18.50989,73.807182
Haridwar,Uttarakhand,29.94569,78.164246
Vashi,Maharashtra,19.077065,72.998993
Moradabad,Uttar Pradesh,28.841064,78.795319
Chirimiri,Chhattisgarh,23.18795,82.354164
Gorakhpur,Uttar Pradesh,26.765844,83.364944
Siwan,Bihar,26.219622,84.356659
Jharsuguda,Odisha,21.85,84.029999
Adambakkam,Tamil Nadu,12.981241,80.20945
Chhapra,Bihar,25.779566,84.749886
Surat,Gujarat,21.17024,72.831062
Sheopur,Madhya Pradesh,25.67,76.699997
Phagwara,Punjab,31.22402,75.770798
Sendhwa,Madhya Pradesh,21.681898,75.094269
Daman,Daman and Diu,20.397373,72.832802
Narnaul,Haryana,28.065796,76.101479
Deesa,Gujarat,24.258503,72.190674
Nabha,Punjab,30.373674,76.145187
Zirakpur,Haryana,30.642803,76.816902
Chachiyawas,Rajasthan,26.570478,74.674438
Kila,Uttar Pradesh,28.23801,77.854912
Raigarh,Chhattisgarh,21.9,83.400002
Haldia,West Bengal,22.066673,88.069809
Bidar,Karnataka,17.92,77.519722
Nipani,Karnataka,16.4,74.383301
Dhamtari,Chhattisgarh,20.709999,81.550003
Bilaspur,Chhattisgarh,22.078642,82.152328
Jagdalpur,Chhattisgarh,19.07,82.029999
Bhavani,Tamil Nadu,11.452434,77.693253
Jaisalmer,Rajasthan,26.911661,70.922928
Puthoor,Kerala,9.04,76.709999
Berhampore,West Bengal,24.098827,88.267929
Mira Bhayandar,Maharashtra,19.295233,72.854393
Khadki,Maharashtra,18.569937,73.850639
Barasat,West Bengal,22.726156,88.47496
Sonepat,Haryana,28.928574,77.091492
Nawapara Nagar,Chhattisgarh,20.973513,81.857948
Bally,West Bengal,22.655149,88.340553
Ghansoli,Maharashtra,19.125362,72.999199
Aligarh,Uttar Pradesh,27.900383,78.072281
Kadi,Gujarat,23.29785,72.331001
Machilipatnam,Andhra Pradesh,16.17,81.129997
Jamui,Bihar,24.92,86.220001
Amalsad,Gujarat,20.817595,72.954918
Pathardi Phata,Maharashtra,19.946922,73.765434
Nadiad,Gujarat,22.700001,72.870003
Chikhli,Maharashtra,20.349098,76.265289
Krishnagiri,Tamil Nadu,12.518611,78.213737
Kochi,Kerala,9.931233,76.267303
Katni,Madhya Pradesh,23.833717,80.420609
Ooty,Tamil Nadu,11.41,76.699997
Hajipur,Bihar,25.68,85.220001
Malad East,Maharashtra,19.180874,72.857452
Davangere,Karnataka,14.470586,75.914154
Karjat,Maharashtra,18.920902,73.323097
Kattuvilai,Tamil Nadu,8.158933,77.336746
Kalamassery,Kerala,10.051969,76.315773
Bijapur,Karnataka,16.827545,75.725327
Kajamalai,Tamil Nadu,10.775632,78.69236
Malda,West Bengal,25.010841,88.141098
Dadabari,Rajasthan,25.155169,75.827248
Anantapur,Andhra Pradesh,14.685564,77.595406
Nawada,Bihar,24.879999,85.529999
Bikaner,Rajasthan,28.027138,73.302155
Falta,West Bengal,22.296404,88.120995
Puri,Odisha,19.817743,85.828629
Vikramasingapuram,Tamil Nadu,8.699142,77.411041
Faizabad,Uttar Pradesh,26.77,82.150002
Kurukshetra,Haryana,29.969513,76.878281
Jalukbari,Assam,26.144358,91.642067
Naini,Uttar Pradesh,25.393978,81.85405
Jaipur,Rajasthan,26.92207,75.778885
Kamptee,Maharashtra,21.207769,79.184052
Dharavi,Maharashtra,19.044218,72.85598
Chomu,Rajasthan,27.17,75.720001
Mudhol,Karnataka,16.333309,75.28582
Jamnagar,Gujarat,22.470701,70.057732
Hojai,Assam,26.006807,92.866402
Agra,Uttar Pradesh,27.17667,78.008072
Morena,Madhya Pradesh,26.5,78
Kalyan,Maharashtra,19.242439,73.120193
Dadri,Uttar Pradesh,28.54619,77.556213
Hansi,Haryana,29.102377,75.965996
Bundi,Rajasthan,25.430513,75.649902
Ujjain,Madhya Pradesh,23.1793,75.784912
Ejipura,Karnataka,12.942621,77.627121
Noida,Uttar Pradesh,28.535517,77.391029
Bongaon,West Bengal,23.07,88.82
Dalkhola,West Bengal,25.874945,87.845551
Katihar,Bihar,25.533508,87.583748
Bhankrota,Rajasthan,26.87063,75.693398
Andheri,Maharashtra,19.116625,72.862358
Tuticorin,Tamil Nadu,8.764166,78.134834
Pollachi,Tamil Nadu,10.657274,77.010666
Thane,Maharashtra,19.21833,72.978088
North Lakhimpur,Assam,27.236317,94.09584
Secunderabad,Telangana,17.43993,78.498276
Ennore,Tamil Nadu,13.206524,80.327225
Tirupattur,Tamil Nadu,12.498351,78.560196
Motihari,Bihar,26.65,84.916664
Tikamgarh,Madhya Pradesh,24.756807,78.839264
Borivali,Maharashtra,19.228825,72.854118
Datia,Madhya Pradesh,25.665325,78.460938
Jorhat,Assam,26.757874,94.209824
Cuttack,Odisha,20.462521,85.882988
Vadodara,Gujarat,22.310696,73.192635
Sikar,Rajasthan,27.615406,75.125885
Dewas,Madhya Pradesh,22.962267,76.050797
Alwar,Rajasthan,27.560932,76.625015
Malegaon,Maharashtra,20.560797,74.52507
Bapatla,Andhra Pradesh,15.896622,80.460434
Hanumangarh,Rajasthan,29.625996,74.287491
Devlali,Maharashtra,19.906166,73.824265
Sunam,Punjab,30.129999,75.800003
Vastral,Gujarat,22.99988,72.660614
Bareilly,Uttar Pradesh,28.375694,79.435959
Nanded,Maharashtra,19.169815,77.319717
Umred,Maharashtra,20.861378,79.317856
Hubli,Karnataka,15.371598,75.101166
Barrackpore,West Bengal,22.767427,88.388344
Lakhimpur,Uttar Pradesh,27.947819,80.772141
Shajapur,Madhya Pradesh,23.4333,76.266701
Jalandhar,Punjab,31.326015,75.57618
Gandhinagar,Gujarat,23.23756,72.647781
Jalaun,Uttar Pradesh,26.140644,79.355621
Rupnagar,Punjab,30.975254,76.527328
Adyar,Tamil Nadu,13.003387,80.255043
Guwahati,Assam,26.148043,91.731377
Bhiwani,Haryana,28.799046,76.133514
Koyambedu,Tamil Nadu,13.07279,80.176163
Tiruchengode,Tamil Nadu,11.378476,77.894493
Palanpur,Gujarat,24.179331,72.426682
Nagercoil,Tamil Nadu,8.17445,77.432159
Coimbatore,Tamil Nadu,11.017363,76.958885
Kanpur,Uttar Pradesh,26.449923,80.331871
Bellampalli,Telangana,19.071556,79.491173
Sangli,Maharashtra,16.867634,74.570389
Kadapa,Andhra Pradesh,14.477234,78.804932
Palwan,Maharashtra,18.970057,75.72065
Kurnool,Andhra Pradesh,15.834536,78.029366
Visakhapatnam,Andhra Pradesh,17.686815,83.218483
Tirunelveli,Tamil Nadu,8.741222,77.694626
Kharar,Punjab,30.751278,76.637192
Vadapalani,Tamil Nadu,13.052192,80.212051
Bhadrak,Odisha,21.051182,86.485748
Madha,Maharashtra,18.033587,75.522079
Bhubaneswar,Odisha,20.296059,85.824539
Ahmednagar,Maharashtra,19.101053,74.740677
Adilabad,Andhra Pradesh,19.6667,78.533302
Alambagh,Uttar Pradesh,26.805687,80.914993
Sangamner,Maharashtra,19.581099,74.205009
Bettiah,Bihar,26.799999,84.5
Thanjavur,Tamil Nadu,10.786999,79.137825
Amritsar,Punjab,31.63398,74.872261
Solapur,Maharashtra,17.65992,75.906387
Ghatampur,Uttar Pradesh,26.147612,80.170769
Islampur,West Bengal,26.266701,88.199997
Washim,Maharashtra,20.1,77.150002
Pudukkottai,Tamil Nadu,10.379663,78.820847
Malvan,Maharashtra,16.0667,73.466698
Chittoor,Rajasthan,24.888744,74.626923
Dehradun,Uttarakhand,30.316496,78.032188
Kargil,Jammu and Kashmir,34.556335,76.132507
Warangal,Andhra Pradesh,18.000055,79.588165
Kolhapur,Maharashtra,16.691307,74.244865
Nagaur,Rajasthan,27.207006,73.742294
Prayagraj,Uttar Pradesh,25.473034,81.878357
Pithapuram,Andhra Pradesh,17.112427,82.252899
Kannur,Kerala,11.874477,75.370369
Darbhanga,Bihar,26.152973,85.901413
Vellore,Tamil Nadu,12.934968,79.146881
Bicholim,Goa,15.601875,73.954636
Tirur,Kerala,10.914627,75.922096
Rajsamand,Rajasthan,25.0667,73.883301
Shrirampur,Maharashtra,19.620296,74.654655
Jodhpur,Rajasthan,26.263863,73.008957
Indore,Madhya Pradesh,22.719568,75.857727
Sathy,Tamil Nadu,11.504776,77.238396
Kothamangalam,Kerala,10.065206,76.629128
Srinagar,Jammu and Kashmir,34.083656,74.797371
Dimapur,Nagaland,25.906267,93.727592
Ghatampur,Uttar Pradesh,26.164066,80.17067
Kannauj,Uttar Pradesh,27.055189,79.918083
New Delhi,Delhi,28.6448,77.216721
Latur,Maharashtra,18.407957,76.576767
Mansa,Punjab,29.988245,75.379257
Shimla,Himachal Pradesh,31.104605,77.173424
Dungargarh,Rajasthan,28.095606,74.011116
Varanasi,Uttar Pradesh,25.321684,82.987289
Nashik,Maharashtra,19.997454,73.789803
Mandla,Madhya Pradesh,22.597921,80.371384
Noida,Uttar Pradesh,28.535517,77.391029
Udumalaipettai,Tamil Nadu,10.5833,77.25
Sriperumbudur,Tamil Nadu,12.97378,79.94133
Tiruppur,Tamil Nadu,11.110695,77.348045
Chennai,Tamil Nadu,13.067439,80.237617
Coimbatore,Tamil Nadu,11.004556,76.961632
Parbhani,Maharashtra,19.25779,76.773743
Rampur,Uttar Pradesh,28.802958,79.025444
Harda,Madhya Pradesh,22.356426,77.102737
Dharampur,Gujarat,20.54014,73.179214
Salem,Tamil Nadu,11.664325,78.146011
Chengalpattu,Tamil Nadu,12.693933,79.975662
Mathura,Uttar Pradesh,27.492413,77.673676
Namakkal,Tamil Nadu,11.229592,78.171158
Mangrulpir,Maharashtra,20.316135,77.341171
Vijayawada,Andhra Pradesh,16.515099,80.632095
Basti,Uttar Pradesh,26.822845,82.763443
Burhanpur,Madhya Pradesh,21.307373,76.230415
Virudhunagar,Tamil Nadu,9.587209,77.951431
Bhilwara,Rajasthan,25.346251,74.636383
Madurai,Tamil Nadu,9.939093,78.121719
Bhagalpur,Bihar,25.253391,86.989059
Tambaram,Tamil Nadu,12.922915,80.127457
Sirhind,Punjab,30.64382,76.394119
Ajitgarh,Punjab,30.7076,76.715126
Purulia,West Bengal,23.342257,86.362839
Aland,Karnataka,17.570721,76.569733
Kopargaon,Maharashtra,19.883301,74.483299
Gwalior,Madhya Pradesh,26.218287,78.182831
Tenali,Andhra Pradesh,16.236719,80.647476
Manwath,Maharashtra,19.299999,76.5
Satara,Maharashtra,17.691401,74.000938
Kishangarh,Rajasthan,26.588528,74.872513
Kosumb,Maharashtra,17.11458,73.591805
Partur,Maharashtra,19.595484,76.211067
Modinagar,Uttar Pradesh,28.838299,77.581055
Mandi Gobindgarh,Punjab,30.682802,76.294212
Chimur,Maharashtra,20.501314,79.380173
Indapur,Maharashtra,18.11714,75.023918
Katraj,Maharashtra,18.445089,73.86898
Dhayari,Maharashtra,18.441833,73.812157
Saswad,Maharashtra,18.344749,74.031715
Dwarka,Delhi,28.59214,77.046051
Junnar,Maharashtra,19.20928,73.872589
Beed,Maharashtra,18.992012,75.776138
Parli Vaijnath,Maharashtra,18.871204,76.535568
Villupuram,Tamil Nadu,11.94596,79.497414
Sivakasi,Tamil Nadu,9.453126,77.807236
Jammu,Jammu and Kashmir,32.732998,74.864273
Thrissur,Kerala,10.530345,76.214729
Athani,Karnataka,16.724083,75.063843
Visakhapatnam,Andhra Pradesh,17.690474,83.231049
Guntur,Andhra Pradesh,16.314209,80.435028
Bhadgaon,Maharashtra,20.666668,75.23333
Jaipatna,Odisha,19.482777,82.806702
Banda,Uttar Pradesh,25.492249,80.336151
Sagar,Madhya Pradesh,23.83403,78.746567
Godda,Jharkhand,24.827778,87.211388
Rajahmundry,Andhra Pradesh,17.004393,81.783325
Kadiri,Andhra Pradesh,14.117532,78.15509
Ahmedabad,Gujarat,23.033863,72.585022
Mavdi,Gujarat,22.259392,70.777184
Dhenkanal,Odisha,20.660671,85.596954
Hyderabad,Telangana,17.38714,78.491684
Patna,Bihar,25.612677,85.158875
Chandigarh,Chandigarh,30.741482,76.768066
Melur,Tamil Nadu,10.030623,78.34021
Hisar,Haryana,29.151861,75.721123
Junagadh,Gujarat,21.515471,70.456444
Halol,Gujarat,22.496063,73.475449
Srinagar,Uttarakhand,30.221399,78.780045
Chittoor,Andhra Pradesh,13.217096,79.100677
Srikalahasti,Andhra Pradesh,13.75269,79.703758
Dankuni,West Bengal,22.671679,88.300209
Pilibhit,Uttar Pradesh,28.627926,79.804176
Buti Bori,Maharashtra,20.927933,79.004143
Jalna,Maharashtra,19.846811,75.890633
Dhampur,Uttar Pradesh,29.257648,78.500061
Udaipur,Rajasthan,24.57127,73.691544
Ferozepur,Punjab,30.923433,74.610214
Gannavaram,Andhra Pradesh,16.538591,80.798218
Virar,Maharashtra,19.465622,72.806099
Puducherry,Tamil Nadu,11.916064,79.812325
Rajkot,Gujarat,22.308155,70.800705
Tezpur,Assam,26.651218,92.783813
Thalassery,Kerala,11.74805,75.48938
Dhule,Maharashtra,20.903118,74.774986
Rishikesh,Uttarakhand,30.08716,78.268112
Bazpur,Uttarakhand,29.162411,79.152168
Gonda,Uttar Pradesh,27.133875,81.96199
Sukdal,West Bengal,23.356615,87.656837
Nagpur,Maharashtra,21.146633,79.08886
Julana,Haryana,29.121574,76.39772
Konavani Palem,Andhra Pradesh,17.417376,82.741653
Khalapur,Maharashtra,18.834003,73.288712
Sedam,Karnataka,17.179991,77.275368
Gurgaon,Haryana,28.457523,77.026344
Pune,Maharashtra,18.516726,73.856255
Ambikapur,Chhattisgarh,23.116444,83.196121
Savner,Maharashtra,21.385311,78.92186
Erode,Tamil Nadu,11.342423,77.728165
Jamshedpur,Jharkhand,22.805618,86.20311
Varthur,Karnataka,12.938482,77.747711
Karad,Maharashtra,17.286501,74.181427
Bangalore,Karnataka,12.972442,77.580643
Egra,West Bengal,21.900526,87.538078
Thirunallar city,Puducherry,10.930677,79.787643
Gaya,Bihar,24.78001,84.981827
Unjha City,Gujarat,23.804337,72.393677
Nalasopara,Maharashtra,19.432278,72.7743
Kolkata,West Bengal,22.572645,88.363892
Meerut,Uttar Pradesh,28.984644,77.705956
